{"actor_loss":-0.057944077998399734,"_wandb":{"runtime":24},"critic_loss":22.462350845336914,"_timestamp":1.7696567731890233e+09,"entropy":1.8066656589508057,"_runtime":24,"actor_loss_neg":0.057944077998399734,"episode":186,"_step":186}