{"actor_loss":-0.16522246599197388,"_step":2999,"actor_loss_neg":0.16522246599197388,"_timestamp":1.769699745157217e+09,"entropy":0.836078405380249,"critic_loss":2.672600269317627,"_wandb":{"runtime":514},"episode":2999,"_runtime":514}