{"critic_loss":5.536759376525879,"_timestamp":1.769847878890334e+09,"_wandb":{"runtime":61},"entropy":3.981616258621216,"actor_loss_neg":0.17402052879333496,"episode":139,"actor_loss":-0.17402052879333496,"_runtime":61,"_step":139}