{"actor_loss_neg":0.8234983682632446,"episode":397,"entropy":2.989894151687622,"_step":397,"actor_loss":-0.8234983682632446,"_runtime":102,"_wandb":{"runtime":102},"critic_loss":12.017767906188965,"_timestamp":1.7698467249155622e+09}