{"_runtime":580,"critic_loss":15.161685943603516,"actor_loss_neg":0.7154068350791931,"_timestamp":1.7696984568490186e+09,"_step":2999,"actor_loss":-0.7154068350791931,"entropy":1.1314241886138916,"episode":2999,"_wandb":{"runtime":580}}