{"_runtime":22,"_step":150,"_wandb":{"runtime":22},"entropy":2.0516364574432373,"_timestamp":1.769656093890715e+09,"episode":150,"critic_loss":9.947000503540039,"actor_loss":-0.02133800834417343,"actor_loss_neg":0.02133800834417343}