{"_timestamp":1.7697026770054934e+09,"episode":4999,"critic_loss":12.72750473022461,"entropy":0.2254011332988739,"actor_loss":-0.8688153624534607,"actor_loss_neg":0.8688153624534607,"_wandb":{"runtime":926},"_runtime":926,"_step":4999}