{"_wandb":{"runtime":18},"_runtime":18,"episode":122,"actor_loss_neg":0.030664999037981033,"critic_loss":20.080337524414062,"entropy":2.3448965549468994,"_step":122,"_timestamp":1.7696578070014496e+09,"actor_loss":-0.030664999037981033}