{"critic_loss":6.613217830657959,"_step":2999,"_runtime":289,"actor_loss":-0.0959387794137001,"_timestamp":1.7696586983459423e+09,"entropy":0.29998719692230225,"_wandb":{"runtime":289},"actor_loss_neg":0.0959387794137001,"episode":2999}