{"entropy":1.9815183877944946,"_step":136,"_wandb":{"runtime":18},"actor_loss":-0.00013435141590889543,"_runtime":18,"episode":136,"critic_loss":18.908071517944336,"actor_loss_neg":0.00013435141590889543,"_timestamp":1.7696569302358418e+09}