{"critic_loss":13.613788604736328,"episode":0,"_runtime":2,"actor_loss":0.04712369292974472,"entropy":4.690420627593994,"actor_loss_neg":-0.04712369292974472,"_timestamp":1.7698477419767067e+09,"_step":0,"_wandb":{"runtime":2}}